isolate	L	S	M	country	host	reference	organism	collection_date
1233	-	-	KC567277.1-KC567262.1	Chile	Homo sapiens	https://www.ncbi.nlm.nih.gov/pubmed/25272189	Orthohantavirus andesense	16/01/2012
1234	-	-	KC567276.1-KC567263.1	Chile	Homo sapiens	https://www.ncbi.nlm.nih.gov/pubmed/25272189	Orthohantavirus andesense	15/02/2012
1235	-	-	KC567275.1-KC567264.1	Chile	Homo sapiens	https://www.ncbi.nlm.nih.gov/pubmed/25272189	Orthohantavirus andesense	15/02/2012
136	PV796318.1	PV796316.1	PV796317.1	Chile	Homo sapiens	https://www.ncbi.nlm.nih.gov/pubmed/41070183	Orthohantavirus andesense	27/06/2024
137	PV808469.1	PV808467.1	PV808468.1	Chile	Homo sapiens	https://www.ncbi.nlm.nih.gov/pubmed/41070183	Orthohantavirus andesense	27/06/2024
177	-	-	KC567280.1-KC567259.1	Chile	Homo sapiens	https://www.ncbi.nlm.nih.gov/pubmed/25272189	Orthohantavirus andesense	16/05/2011
187	-	-	KC567279.1-KC567260.1	Chile	Homo sapiens	https://www.ncbi.nlm.nih.gov/pubmed/25272189	Orthohantavirus andesense	14/02/2010
403	-	-	KC567278.1-KC567261.1	Chile	Homo sapiens	https://www.ncbi.nlm.nih.gov/pubmed/25272189	Orthohantavirus andesense	14/02/2010
480	-	-	KC567281.1-KC567258.1	Chile	Homo sapiens	https://www.ncbi.nlm.nih.gov/pubmed/25272189	Orthohantavirus andesense	16/03/2010
A	-	-	KC567270.1-KC567269.1	Chile	Homo sapiens	https://www.ncbi.nlm.nih.gov/pubmed/25272189	Orthohantavirus andesense	15/04/2011
Al16	-	EU241684.1	-	Chile	Abrothrix longipilis	https://www.ncbi.nlm.nih.gov/pubmed/19116256	Orthohantavirus andesense	02/07/2003
Al218	-	EU241687.1	-	Chile	Abrothrix longipilis	https://www.ncbi.nlm.nih.gov/pubmed/19116256	Orthohantavirus andesense	02/07/2003
Andes/ARG-O.l.444	-	OP555728.1	OP555724.1	Argentina	Oligoryzomys longicaudatus	10.1128/MSPHERE.00018-23	Orthohantavirus andesense	02/07/1999
ANDV_LS-CH-2016	KY659431.1	KY659432.1	KY604962.1	Switzerland	Homo sapiens	10.3390/V15112266/S1	Orthohantavirus andesense	23/12/2016
ANDV-CH-LS-2016	OR405523.1	OR405525.1	OR405524.1	Switzerland	Homo sapiens	10.3390/V15112266/S1	Orthohantavirus andesense	01/07/2016
ARCH14/NRC1	MN850096.1	MN850086.1	MN850091.1	Argentina	Homo sapiens	10.3201/EID2604.190799	Orthohantavirus andesense	02/07/2014
AREB14_p1	MN850093.1	MN850083.1	MN850088.1	Argentina	Homo sapiens	10.3201/EID2604.190799	Orthohantavirus andesense	02/07/2014
AREB14_p2	MN850094.1	MN850084.1	MN850089.1	Argentina	Homo sapiens	10.3201/EID2604.190799	Orthohantavirus andesense	02/07/2014
AREB14_p3	MN850095.1	MN850085.1	MN850090.1	Argentina	Homo sapiens	10.3201/EID2604.190799	Orthohantavirus andesense	02/07/2014
B	-	-	KC567273.1-KC567266.1	Chile	Homo sapiens	https://www.ncbi.nlm.nih.gov/pubmed/25272189	Orthohantavirus andesense	15/04/2011
C	-	-	KC567274.1-KC567265.1	Chile	Homo sapiens	https://www.ncbi.nlm.nih.gov/pubmed/25272189	Orthohantavirus andesense	15/04/2011
CHI-7913_MT	MT956620.1	MT956618.1	MT956619.1	Chile	Homo sapiens	10.1128/MSPHERE.00018-23	Orthohantavirus andesense	02/07/1999
CHI-7913_PV	PV808472.1	PV808470.1	PV808471.1	Chile	Homo sapiens	https://www.ncbi.nlm.nih.gov/pubmed/41070183	Orthohantavirus andesense	02/07/1999
CHI-9717869_AF	AF291704.5	AF291702.1	AF291703.2	Chile	Oligoryzomys longicaudatus	10.1128/jvi.01057-08	Orthohantavirus andesense	02/07/1997
CHI-9717869_MT	MT956621.1	MT956622.1	MT956623.1	Chile	Oligoryzomys longicaudatus	10.1128/MSPHERE.00018-23	Orthohantavirus andesense	02/07/1997
Chile-9717869	NC_003468.2	NC_003466.1	NC_003467.2	Chile	Oligoryzomys_longicaudatus	https://www.ncbi.nlm.nih.gov/pubmed/12367756	Orthohantavirus andesense	27/09/1997
D	-	-	KC567271.1-KC567268.1	Chile	Homo sapiens	https://www.ncbi.nlm.nih.gov/pubmed/25272189	Orthohantavirus andesense	15/04/2011
E	-	-	KC567272.1-KC567267.1	Chile	Homo sapiens	https://www.ncbi.nlm.nih.gov/pubmed/25272189	Orthohantavirus andesense	15/04/2011
Epilink/96_2/6/19	MN258156.1	MN258223.1	MN258189.1	Argentina	Homo sapiens	10.1128/MSPHERE.00018-23	Orthohantavirus andesense	11/12/1996
Epuyen/18-19_Patient_1_11/3/18	MN258172.1	MN258239.1	MN258205.1	Argentina	Homo sapiens	10.1056/NEJMoa2009040	Orthohantavirus andesense	10/11/2018
Epuyen/18-19_Patient_10_12/10/18	MN258162.1	MN258229.1	MN258195.1	Argentina	Homo sapiens	10.1056/NEJMoa2009040	Orthohantavirus andesense	15/12/2018
Epuyen/18-19_Patient_11_12/15/18	MN258163.1	MN258230.1	MN258196.1	Argentina	Homo sapiens	10.1056/NEJMoa2009040	Orthohantavirus andesense	19/12/2018
Epuyen/18-19_Patient_12_12/19/18	MN258164.1	MN258231.1	MN258197.1	Argentina	Homo sapiens	10.1056/NEJMoa2009040	Orthohantavirus andesense	21/12/2018
Epuyen/18-19_Patient_13_12/24/18	MN258165.1	MN258232.1	MN258198.1	Argentina	Homo sapiens	10.1056/NEJMoa2009040	Orthohantavirus andesense	24/12/2018
Epuyen/18-19_Patient_14_12/26/18	MN258166.1	MN258233.1	MN258199.1	Argentina	Homo sapiens	10.1056/NEJMoa2009040	Orthohantavirus andesense	28/12/2018
Epuyen/18-19_Patient_15_12/26/18	MN258167.1	MN258234.1	MN258200.1	Argentina	Homo sapiens	10.1056/NEJMoa2009040	Orthohantavirus andesense	28/12/2018
Epuyen/18-19_Patient_16_12/28/18	MN258168.1	MN258235.1	MN258201.1	Argentina	Homo sapiens	10.1056/NEJMoa2009040	Orthohantavirus andesense	01/01/2019
Epuyen/18-19_Patient_17_12/31/18	MN258169.1	MN258236.1	MN258202.1	Argentina	Homo sapiens	10.1056/NEJMoa2009040	Orthohantavirus andesense	03/01/2019
Epuyen/18-19_Patient_18_12/31/18	MN258170.1	MN258237.1	MN258203.1	Argentina	Homo sapiens	10.1056/NEJMoa2009040	Orthohantavirus andesense	02/01/2019
Epuyen/18-19_Patient_19_1/2/19	MN258171.1	MN258238.1	MN258204.1	Argentina	Homo sapiens	10.1056/NEJMoa2009040	Orthohantavirus andesense	02/01/2019
Epuyen/18-19_Patient_2_11/23/18	-	MN258249.1	MN258215.1	Argentina	Homo sapiens	10.1056/NEJMoa2009040	Orthohantavirus andesense	28/11/2018
Epuyen/18-19_Patient_20_1/1/19	MN258173.1	MN258240.1	MN258206.1	Argentina	Homo sapiens	10.1056/NEJMoa2009040	Orthohantavirus andesense	06/01/2019
Epuyen/18-19_Patient_22_1/1/19	MN258174.1	MN258241.1	MN258207.1	Argentina	Homo sapiens	10.1056/NEJMoa2009040	Orthohantavirus andesense	04/01/2019
Epuyen/18-19_Patient_23_1/7/19	MN258175.1	MN258242.1	MN258208.1	Argentina	Homo sapiens	10.1056/NEJMoa2009040	Orthohantavirus andesense	05/01/2019
Epuyen/18-19_Patient_24_1/3/19	MN258176.1	MN258243.1	MN258209.1	Argentina	Homo sapiens	10.1056/NEJMoa2009040	Orthohantavirus andesense	06/01/2019
Epuyen/18-19_Patient_25_1/6/19	MN258177.1	MN258244.1	MN258210.1	Argentina	Homo sapiens	10.1056/NEJMoa2009040	Orthohantavirus andesense	06/01/2019
Epuyen/18-19_Patient_26_1/4/19	MN258178.1	MN258245.1	MN258211.1	Argentina	Homo sapiens	10.1056/NEJMoa2009040	Orthohantavirus andesense	07/01/2019
Epuyen/18-19_Patient_27_1/8/19	MN258179.1	MN258246.1	MN258212.1	Argentina	Homo sapiens	10.1056/NEJMoa2009040	Orthohantavirus andesense	10/01/2019
Epuyen/18-19_Patient_28_1/6/19	MN258180.1	MN258247.1	MN258213.1	Argentina	Homo sapiens	10.1056/NEJMoa2009040	Orthohantavirus andesense	10/01/2019
Epuyen/18-19_Patient_29_1/14/19	MN258181.1	MN258248.1	MN258214.1	Argentina	Homo sapiens	10.1056/NEJMoa2009040	Orthohantavirus andesense	16/01/2019
Epuyen/18-19_Patient_3_11/20/18	MN258182.1	MN258250.1	MN258216.1	Argentina	Homo sapiens	10.1056/NEJMoa2009040	Orthohantavirus andesense	26/11/2018
Epuyen/18-19_Patient_4_11/27/18	MN258183.1	MN258251.1	MN258217.1	Argentina	Homo sapiens	10.1056/NEJMoa2009040	Orthohantavirus andesense	03/12/2018
Epuyen/18-19_Patient_5_11/26/18	MN258184.1	MN258252.1	MN258218.1	Argentina	Homo sapiens	10.1056/NEJMoa2009040	Orthohantavirus andesense	09/12/2018
Epuyen/18-19_Patient_6_11/25/18	MN258185.1	MN258253.1	MN258219.1	Argentina	Homo sapiens	10.1056/NEJMoa2009040	Orthohantavirus andesense	02/12/2018
Epuyen/18-19_Patient_7_12/7/18	MN258186.1	MN258254.1	MN258220.1	Argentina	Homo sapiens	10.1056/NEJMoa2009040	Orthohantavirus andesense	12/12/2018
Epuyen/18-19_Patient_8_12/13/18	MN258187.1	MN258255.1	MN258221.1	Argentina	Homo sapiens	10.1056/NEJMoa2009040	Orthohantavirus andesense	16/12/2018
Epuyen/18-19_Patient_9_12/12/18	MN258188.1	MN258256.1	MN258222.1	Argentina	Homo sapiens	10.1056/NEJMoa2009040	Orthohantavirus andesense	14/12/2018
Lm859	-	EU241688.1	-	Chile	Loxodontomys micropus	https://www.ncbi.nlm.nih.gov/pubmed/19116256	Orthohantavirus andesense	02/07/2003
NK 104619	-	-	EU241639.1-EU241653.1	Chile	Oligoryzomys longicaudatus	https://www.ncbi.nlm.nih.gov/pubmed/19116256	Orthohantavirus andesense	02/07/2003
NK 108843	-	-	EU241641.1-EU241655.1	Chile	Oligoryzomys longicaudatus	https://www.ncbi.nlm.nih.gov/pubmed/19116256	Orthohantavirus andesense	02/07/2003
NK 120092	-	-	EU241640.1	Chile	Oligoryzomys longicaudatus	https://www.ncbi.nlm.nih.gov/pubmed/19116256	Orthohantavirus andesense	02/07/2003
NK 96865	-	-	EU241637.1-EU241651.1	Chile	Oligoryzomys longicaudatus	https://www.ncbi.nlm.nih.gov/pubmed/19116256	Orthohantavirus andesense	02/07/2003
NK 96887	-	-	EU241638.1-EU241652.1	Chile	Oligoryzomys longicaudatus	https://www.ncbi.nlm.nih.gov/pubmed/19116256	Orthohantavirus andesense	02/07/2003
NK104535	-	EU241698.1	EU241646.1-EU241660.1	Chile	Oligoryzomys longicaudatus	https://www.ncbi.nlm.nih.gov/pubmed/19116256	Orthohantavirus andesense	02/07/2003
NK104544	-	EU241699.1	EU241647.1-EU241661.1	Chile	Oligoryzomys longicaudatus	https://www.ncbi.nlm.nih.gov/pubmed/19116256	Orthohantavirus andesense	02/07/2003
NK105362	-	EU241695.1	EU241645.1-EU241659.1	Chile	Oligoryzomys longicaudatus	https://www.ncbi.nlm.nih.gov/pubmed/19116256	Orthohantavirus andesense	02/07/2003
NK105979	-	EU241694.1	EU241642.1-EU241656.1	Chile	Oligoryzomys longicaudatus	https://www.ncbi.nlm.nih.gov/pubmed/19116256	Orthohantavirus andesense	02/07/2003
NK120076	-	EU241680.1	-	Chile	Oligoryzomys longicaudatus	https://www.ncbi.nlm.nih.gov/pubmed/19116256	Orthohantavirus andesense	02/07/2003
NK120378	-	EU241702.1	EU241650.1-EU241664.1	Chile	Oligoryzomys longicaudatus	https://www.ncbi.nlm.nih.gov/pubmed/19116256	Orthohantavirus andesense	02/07/2003
NK120387	-	EU241685.1	-	Chile	Oligoryzomys longicaudatus	https://www.ncbi.nlm.nih.gov/pubmed/19116256	Orthohantavirus andesense	02/07/2003
NK95083	-	EU241696.1	EU241644.1-EU241658.1	Chile	Oligoryzomys longicaudatus	https://www.ncbi.nlm.nih.gov/pubmed/19116256	Orthohantavirus andesense	02/07/2003
NK95613	-	EU241683.1	-	Chile	Oligoryzomys longicaudatus	https://www.ncbi.nlm.nih.gov/pubmed/19116256	Orthohantavirus andesense	02/07/2003
NK96555	-	EU241700.1	EU241648.1-EU241662.1	Chile	Oligoryzomys longicaudatus	https://www.ncbi.nlm.nih.gov/pubmed/19116256	Orthohantavirus andesense	02/07/2003
NK96566	-	EU241701.1	EU241649.1-EU241663.1	Chile	Oligoryzomys longicaudatus	https://www.ncbi.nlm.nih.gov/pubmed/19116256	Orthohantavirus andesense	02/07/2003
NK96703	-	EU241697.1	EU241643.1-EU241657.1	Chile	Oligoryzomys longicaudatus	https://www.ncbi.nlm.nih.gov/pubmed/19116256	Orthohantavirus andesense	02/07/2003
NRC-2/97_06/01/1996	MN258157.1	MN258224.1	MN258190.1	Argentina	Homo sapiens	10.1371/JOURNAL.PNTD.0012465	Orthohantavirus andesense	30/11/1997
NRC2_ARLA17	MN850097.1	MN850087.1	MN850092.1	Argentina	Homo sapiens	10.3201/EID2604.190799	Orthohantavirus andesense	02/07/2017
NRC-3/18_06/01/1997	MN258158.1	MN258225.1	MN258191.1	Argentina	Homo sapiens	10.1056/nejmoa2009040	Orthohantavirus andesense	09/11/2018
NRC-4/18_06/01/2018	MN258159.1	MN258226.1	MN258192.1	Argentina	Homo sapiens	10.1056/nejmoa2009040	Orthohantavirus andesense	19/08/2018
NRC-5/18_06/01/2018	MN258160.1	MN258227.1	MN258193.1	Argentina	Homo sapiens	10.1056/nejmoa2009040	Orthohantavirus andesense	04/09/2018
NRC-6/18_05/21/18	MN258161.1	MN258228.1	MN258194.1	Argentina	Homo sapiens	10.1056/nejmoa2009040	Orthohantavirus andesense	21/05/2018
Ol178	-	EU241686.1	-	Chile	Oligoryzomys longicaudatus	https://www.ncbi.nlm.nih.gov/pubmed/19116256	Orthohantavirus andesense	02/07/2003
Ol25	-	EU241681.1	-	Chile	Oligoryzomys longicaudatus	https://www.ncbi.nlm.nih.gov/pubmed/19116256	Orthohantavirus andesense	02/07/2003
Ol26	-	EU241682.1	-	Chile	Oligoryzomys longicaudatus	https://www.ncbi.nlm.nih.gov/pubmed/19116256	Orthohantavirus andesense	02/07/2003
WBLH	PP_006WBLH.2	PP_006WBLH.2	PP_006WBLH.2	Switzerland	Homo sapiens		Orthohantavirus andesense	05/04/2026
XDHK	PP_006XDHK.5	PP_006XDHK.5	PP_006XDHK.5	Canada	Homo sapiens		Orthohantavirus andesense	15/05/2026
XDJH	PP_006XDJH.5	PP_006XDJH.5	PP_006XDJH.5	Canada	Homo sapiens		Orthohantavirus andesense	15/05/2026