"cds_nt_pos","genome_nt_pos","codon_num","codon_pos","ref_codon","qry_codon","ref_aa","qry_aa","effect","outbreak"
270,312,90,3,"CTG","CTA","L","L","synonymous","Hondius_outbreak"
286,328,96,1,"CTG","TTG","L","L","synonymous","Hondius_outbreak"
336,378,112,3,"CCA","CCG","P","P","synonymous","Hondius_outbreak"
585,627,195,3,"CCA","CCG","P","P","synonymous","Hondius_outbreak"
588,630,196,3,"GGA","GGG","G","G","synonymous","Hondius_outbreak"
618,660,206,3,"TTT","TTC","F","F","synonymous","Hondius_outbreak"
885,927,295,3,"TTT","TTC","F","F","synonymous","Hondius_outbreak"
954,996,318,3,"GCA","GCG","A","A","synonymous","Hondius_outbreak"
1017,1059,339,3,"AAT","AAC","N","N","synonymous","Hondius_outbreak"
1101,1143,367,3,"AGG","AGA","R","R","synonymous","Hondius_outbreak"
1251,1293,417,3,"GTG","GTT","V","V","synonymous","Hondius_outbreak"
1254,1296,418,3,"AAG","AAA","K","K","synonymous","Hondius_outbreak"
183,225,61,3,"CTC","CTT","L","L","synonymous","PV_outbreak"
312,354,104,3,"GTT","GTC","V","V","synonymous","PV_outbreak"
816,858,272,3,"GTC","GTT","V","V","synonymous","PV_outbreak"
1074,1116,358,3,"TCC","TCT","S","S","synonymous","PV_outbreak"
417,459,139,3,"TAT","TAC","Y","Y","synonymous","MN_outbreak"
474,516,158,3,"AGG","AGA","R","R","synonymous","MN_outbreak"
504,546,168,3,"GTC","GTT","V","V","synonymous","MN_outbreak"
870,912,290,3,"GAG","GAA","E","E","synonymous","MN_outbreak"
876,918,292,3,"GCT","GCC","A","A","synonymous","MN_outbreak"
1284,1326,428,3,"TTG","TTA","L","L","synonymous","MN_outbreak"
19,61,7,1,"TTA","CTA","L","L","synonymous","Epyugen_outbreak"
321,363,107,3,"ATT","ATC","I","I","synonymous","Epyugen_outbreak"
963,1005,321,3,"GTT","GTC","V","V","synonymous","Epyugen_outbreak"
1101,1143,367,3,"AGG","AGA","R","R","synonymous","Epyugen_outbreak"
1155,1197,385,3,"CTC","CTT","L","L","synonymous","Epyugen_outbreak"
1239,1281,413,3,"ATT","ATC","I","I","synonymous","Epyugen_outbreak"
